{
  "arkIstex": "ark:/67375/56L-Z1WPCL8D-T",
  "title": "A case of diabetes, with an historical sketch of that disease. By Thomas Girdlestone, M.D.",
  "language": [
    "eng"
  ],
  "publicationDate": "1799",
  "ark": [
    "ark:/67375/56L-Z1WPCL8D-T"
  ],
  "genre": [
    "other"
  ],
  "originalGenre": [
    "diabetes"
  ],
  "author": [
    {
      "name": "Thomas Girdlestone 1758-1822"
    }
  ],
  "subject": [
    {
      "lang": [
        "eng"
      ],
      "value": "Diabetes"
    }
  ],
  "host": {
    "title": "A case of diabetes, with an historical sketch of that disease. By Thomas Girdlestone, M.D.",
    "language": [
      "unknown"
    ],
    "publicationDate": "1799",
    "genre": [
      "database"
    ],
    "subject": [
      {
        "value": "Medicine, Science and Technology"
      }
    ]
  },
  "corpusName": "ecco",
  "qualityIndicators": {
    "score": 0.062,
    "refBibsNative": false,
    "keywordCount": 1,
    "abstractCharCount": 0,
    "abstractWordCount": 1
  }
}