{
  "arkIstex": "ark:/67375/56L-C7S8LWKF-D",
  "title": "Communications to Dr. Rollo's work on diabetes, from Dr. Pearson, physician to St. George's Hospital, ... London.",
  "language": [
    "eng"
  ],
  "publicationDate": "1798",
  "ark": [
    "ark:/67375/56L-C7S8LWKF-D"
  ],
  "genre": [
    "other"
  ],
  "originalGenre": [
    "diabetes"
  ],
  "author": [
    {
      "name": "George Pearson 1751-1828"
    }
  ],
  "subject": [
    {
      "lang": [
        "eng"
      ],
      "value": "Diabetes"
    }
  ],
  "host": {
    "title": "Communications to Dr. Rollo's work on diabetes, from Dr. Pearson, physician to St. George's Hospital, ... London.",
    "language": [
      "unknown"
    ],
    "publicationDate": "1798",
    "genre": [
      "database"
    ],
    "subject": [
      {
        "value": "Medicine, Science and Technology"
      }
    ]
  },
  "corpusName": "ecco",
  "qualityIndicators": {
    "score": 0.062,
    "refBibsNative": false,
    "keywordCount": 1,
    "abstractCharCount": 0,
    "abstractWordCount": 1
  }
}